n_radii,radii,psi_pooled,se_pooled,ci_low,ci_high,z,pval,psi_freq_pooled,psi_mag_pooled,psi_cross_pooled,estimator
13,"7,8,9,10,11,12,13,14,15,16,17,18,19",0.0004814913017070315,5.767881175164215e-05,0.0003684429080027473,0.0005945396954113157,8.347802027896721,0.0,0.0004904430464656678,-8.99523342226982e-06,4.348866364981524e-08,hurdle_gpu_hal_active_set_full_n_cv_pooled
