a_star,psi,ci_low,ci_high,se_boot,B,n,n_clusters,device,radius_km,estimator
1000.0,0.027415376156568527,0.01791094630025327,0.03837983384728431,0.004841246666580895,500,451212,389,cuda,5,xgb_hurdle_gpu_dose_response
10000.0,0.02709435299038887,0.018352667801082134,0.03667877204716206,0.004782769239708052,500,451212,389,cuda,5,xgb_hurdle_gpu_dose_response
100000.0,0.03114515170454979,0.02204611268825829,0.040682053100317715,0.004773041303146195,500,451212,389,cuda,5,xgb_hurdle_gpu_dose_response
1000000.0,0.03684156388044357,0.026413110177963973,0.04419469023123383,0.004439725646538849,500,451212,389,cuda,5,xgb_hurdle_gpu_dose_response
10000000.0,0.04178568720817566,0.03292876286432147,0.05946514261886477,0.0069792656527784495,500,451212,389,cuda,5,xgb_hurdle_gpu_dose_response
