a_star,psi,ci_low,ci_high,se_boot,B,n,n_clusters,device,radius_km,estimator
1000.0,0.041861455887556076,0.026066968543455006,0.059659163188189264,0.008057242995295595,500,451212,389,cuda,6,xgb_hurdle_gpu_dose_response
10000.0,0.041252609342336655,0.03004689528606832,0.05692465277388691,0.0071527405016397014,500,451212,389,cuda,6,xgb_hurdle_gpu_dose_response
100000.0,0.044844843447208405,0.03533217227086425,0.059586541075259424,0.006118280357816462,500,451212,389,cuda,6,xgb_hurdle_gpu_dose_response
1000000.0,0.05078846961259842,0.037512199487537146,0.05954494029283523,0.005472817085816281,500,451212,389,cuda,6,xgb_hurdle_gpu_dose_response
10000000.0,0.05762678012251854,0.04437009887769818,0.07676436696201563,0.008398243687162786,500,451212,389,cuda,6,xgb_hurdle_gpu_dose_response
